Workbook

Sheet Resumen
B2: Evaluación comparativa — primer semestre 2022-2026
B3: 10 ciudades más pobladas del Ecuador · homicidios intencionales, robos de mayor connotación y extorsiones
B5: Contenido
B6: → Homicidios | C6: Homicidios intencionales (homicidio, asesinato, femicidio, sicariato) — enero-junio, 2022-2026
B7: → Robos | C7: Robos de mayor connotación (a personas, motos, carros, domicilios, unidades económicas, autopartes) — enero-junio, 2022-2026
B8: → Extorsiones | C8: Extorsiones registradas — enero-junio, 2022-2026
B10: Fuente de los datos
B11: Ministerio del Interior / Fiscalía General del Estado — bases nacionales de homicidios intencionales y de delitos contra la propiedad (robos y extorsiones), 2022-2026.
B13: Población de referencia
B14: Población base: Censo de Población y Vivienda 2022 (INEC), por cantón. Para la tasa del primer semestre de 2026 se proyecta esa población base con la tasa de crecimiento anual del recuadro de abajo, al no existir proyecciones cantonales oficiales posteriores al censo. Es un supuesto simplificado y uniforme para las 10 ciudades; el crecimiento real varía por cantón (p. ej. Durán probablemente crece más rápido que el promedio).
B16: Tasa de crecimiento poblacional anual asumida | C16: 0.015
B18: Nota metodológica
B19: "Primer semestre" = enero a junio de cada año (mes calculado a partir de fecha_infraccion, no de la variable MES en texto). El corte de datos disponible llega hasta el 30/06/2026, por lo que 2026 sí tiene semestre completo y es comparable con los años anteriores.

Sheet Homicidios
B2: Homicidios intencionales — enero-junio, 2022-2026
B3: Incluye: homicidio, asesinato, femicidio, sicariato
B5: Ciudad | C5: Población base (Censo 2022) | D5: Primer semestre 2022 (casos) | E5: Primer semestre 2023 (casos) | F5: Primer semestre 2024 (casos) | G5: Primer semestre 2025 (casos) | H5: Primer semestre 2026 (casos) | I5: Var. % 2025→2026 | J5: Var. % 2022→2026 | K5: Población proyectada 2026 | L5: Tasa x100k hab. primer semestre 2026
B6: Guayaquil | C6: 2746403 | D6: 624 | E6: 1243 | F6: 842 | G6: 1476 | H6: 1097 | I6: =IFERROR((H6-G6)/G6,"n/d") -> -0.25677507 | J6: =IFERROR((H6-D6)/D6,"n/d") -> 0.75801282 | K6: =C6*(1+Resumen!$C$16)^(2026-2022) -> 2914932 | L6: =H6/K6*100000 -> 37.633811
B7: Quito | C7: 2679722 | D7: 79 | E7: 157 | F7: 105 | G7: 138 | H7: 119 | I7: =IFERROR((H7-G7)/G7,"n/d") -> -0.13768116 | J7: =IFERROR((H7-D7)/D7,"n/d") -> 0.50632911 | K7: =C7*(1+Resumen!$C$16)^(2026-2022) -> 2844159.3 | L7: =H7/K7*100000 -> 4.1840132
B8: Cuenca | C8: 596101 | D8: 35 | E8: 9 | F8: 11 | G8: 6 | H8: 18 | I8: =IFERROR((H8-G8)/G8,"n/d") -> 2 | J8: =IFERROR((H8-D8)/D8,"n/d") -> -0.48571429 | K8: =C8*(1+Resumen!$C$16)^(2026-2022) -> 632679.87 | L8: =H8/K8*100000 -> 2.8450407
B9: Santo Domingo | C9: 441583 | D9: 103 | E9: 73 | F9: 28 | G9: 52 | H9: 22 | I9: =IFERROR((H9-G9)/G9,"n/d") -> -0.57692308 | J9: =IFERROR((H9-D9)/D9,"n/d") -> -0.78640777 | K9: =C9*(1+Resumen!$C$16)^(2026-2022) -> 468680.1 | L9: =H9/K9*100000 -> 4.6940333
B10: Ambato | C10: 370664 | D10: 13 | E10: 10 | F10: 19 | G10: 24 | H10: 22 | I10: =IFERROR((H10-G10)/G10,"n/d") -> -0.083333333 | J10: =IFERROR((H10-D10)/D10,"n/d") -> 0.69230769 | K10: =C10*(1+Resumen!$C$16)^(2026-2022) -> 393409.26 | L10: =H10/K10*100000 -> 5.5921409
B11: Portoviejo | C11: 322925 | D11: 43 | E11: 120 | F11: 121 | G11: 167 | H11: 99 | I11: =IFERROR((H11-G11)/G11,"n/d") -> -0.40718563 | J11: =IFERROR((H11-D11)/D11,"n/d") -> 1.3023256 | K11: =C11*(1+Resumen!$C$16)^(2026-2022) -> 342740.82 | L11: =H11/K11*100000 -> 28.8848
B12: Duran | C12: 303910 | D12: 72 | E12: 69 | F12: 240 | G12: 344 | H12: 178 | I12: =IFERROR((H12-G12)/G12,"n/d") -> -0.48255814 | J12: =IFERROR((H12-D12)/D12,"n/d") -> 1.4722222 | K12: =C12*(1+Resumen!$C$16)^(2026-2022) -> 322559 | L12: =H12/K12*100000 -> 55.183703
B13: Machala | C13: 306309 | D13: 59 | E13: 135 | F13: 61 | G13: 139 | H13: 222 | I13: =IFERROR((H13-G13)/G13,"n/d") -> 0.5971223 | J13: =IFERROR((H13-D13)/D13,"n/d") -> 2.7627119 | K13: =C13*(1+Resumen!$C$16)^(2026-2022) -> 325105.21 | L13: =H13/K13*100000 -> 68.285587
B14: Manta | C14: 271145 | D14: 38 | E14: 96 | F14: 123 | G14: 185 | H14: 172 | I14: =IFERROR((H14-G14)/G14,"n/d") -> -0.07027027 | J14: =IFERROR((H14-D14)/D14,"n/d") -> 3.5263158 | K14: =C14*(1+Resumen!$C$16)^(2026-2022) -> 287783.42 | L14: =H14/K14*100000 -> 59.767168
B15: Riobamba | C15: 260882 | D15: 3 | E15: 8 | F15: 6 | G15: 6 | H15: 4 | I15: =IFERROR((H15-G15)/G15,"n/d") -> -0.33333333 | J15: =IFERROR((H15-D15)/D15,"n/d") -> 0.33333333 | K15: =C15*(1+Resumen!$C$16)^(2026-2022) -> 276890.65 | L15: =H15/K15*100000 -> 1.4446136
B16: TOTAL 10 ciudades | C16: =SUM(C6:C15) -> 8299644 | D16: =SUM(D6:D15) -> 1069 | E16: =SUM(E6:E15) -> 1920 | F16: =SUM(F6:F15) -> 1556 | G16: =SUM(G6:G15) -> 2537 | H16: =SUM(H6:H15) -> 1953 | I16: =IFERROR((H16-G16)/G16,"n/d") -> -0.23019314 | J16: =IFERROR((H16-D16)/D16,"n/d") -> 0.82694107 | K16: =SUM(K6:K15) -> 8808939.6 | L16: =H16/K16*100000 -> 22.170659

Sheet Robos mayor connotación
B2: Robos de mayor connotación — enero-junio, 2022-2026
B3: Incluye: a personas, a motos, a carros, a domicilios, a unidades económicas, de autopartes
B5: Ciudad | C5: Población base (Censo 2022) | D5: Primer semestre 2022 (casos) | E5: Primer semestre 2023 (casos) | F5: Primer semestre 2024 (casos) | G5: Primer semestre 2025 (casos) | H5: Primer semestre 2026 (casos) | I5: Var. % 2025→2026 | J5: Var. % 2022→2026 | K5: Población proyectada 2026 | L5: Tasa x100k hab. primer semestre 2026
B6: Guayaquil | C6: 2746403 | D6: 9716 | E6: 11655 | F6: 9797 | G6: 10378 | H6: 6587 | I6: =IFERROR((H6-G6)/G6,"n/d") -> -0.36529196 | J6: =IFERROR((H6-D6)/D6,"n/d") -> -0.32204611 | K6: =C6*(1+Resumen!$C$16)^(2026-2022) -> 2914932 | L6: =H6/K6*100000 -> 225.97439
B7: Quito | C7: 2679722 | D7: 7551 | E7: 6486 | F7: 7447 | G7: 7771 | H7: 6170 | I7: =IFERROR((H7-G7)/G7,"n/d") -> -0.20602239 | J7: =IFERROR((H7-D7)/D7,"n/d") -> -0.18288968 | K7: =C7*(1+Resumen!$C$16)^(2026-2022) -> 2844159.3 | L7: =H7/K7*100000 -> 216.93581
B8: Cuenca | C8: 596101 | D8: 954 | E8: 637 | F8: 747 | G8: 823 | H8: 659 | I8: =IFERROR((H8-G8)/G8,"n/d") -> -0.19927096 | J8: =IFERROR((H8-D8)/D8,"n/d") -> -0.30922432 | K8: =C8*(1+Resumen!$C$16)^(2026-2022) -> 632679.87 | L8: =H8/K8*100000 -> 104.1601
B9: Santo Domingo | C9: 441583 | D9: 1223 | E9: 971 | F9: 973 | G9: 716 | H9: 434 | I9: =IFERROR((H9-G9)/G9,"n/d") -> -0.39385475 | J9: =IFERROR((H9-D9)/D9,"n/d") -> -0.64513491 | K9: =C9*(1+Resumen!$C$16)^(2026-2022) -> 468680.1 | L9: =H9/K9*100000 -> 92.600475
B10: Ambato | C10: 370664 | D10: 569 | E10: 575 | F10: 528 | G10: 452 | H10: 457 | I10: =IFERROR((H10-G10)/G10,"n/d") -> 0.011061947 | J10: =IFERROR((H10-D10)/D10,"n/d") -> -0.19683656 | K10: =C10*(1+Resumen!$C$16)^(2026-2022) -> 393409.26 | L10: =H10/K10*100000 -> 116.16402
B11: Portoviejo | C11: 322925 | D11: 500 | E11: 676 | F11: 782 | G11: 665 | H11: 557 | I11: =IFERROR((H11-G11)/G11,"n/d") -> -0.16240602 | J11: =IFERROR((H11-D11)/D11,"n/d") -> 0.114 | K11: =C11*(1+Resumen!$C$16)^(2026-2022) -> 342740.82 | L11: =H11/K11*100000 -> 162.51347
B12: Duran | C12: 303910 | D12: 842 | E12: 958 | F12: 906 | G12: 854 | H12: 514 | I12: =IFERROR((H12-G12)/G12,"n/d") -> -0.39812646 | J12: =IFERROR((H12-D12)/D12,"n/d") -> -0.38954869 | K12: =C12*(1+Resumen!$C$16)^(2026-2022) -> 322559 | L12: =H12/K12*100000 -> 159.35069
B13: Machala | C13: 306309 | D13: 985 | E13: 1406 | F13: 1005 | G13: 947 | H13: 727 | I13: =IFERROR((H13-G13)/G13,"n/d") -> -0.23231257 | J13: =IFERROR((H13-D13)/D13,"n/d") -> -0.26192893 | K13: =C13*(1+Resumen!$C$16)^(2026-2022) -> 325105.21 | L13: =H13/K13*100000 -> 223.61992
B14: Manta | C14: 271145 | D14: 477 | E14: 701 | F14: 616 | G14: 629 | H14: 489 | I14: =IFERROR((H14-G14)/G14,"n/d") -> -0.22257552 | J14: =IFERROR((H14-D14)/D14,"n/d") -> 0.025157233 | K14: =C14*(1+Resumen!$C$16)^(2026-2022) -> 287783.42 | L14: =H14/K14*100000 -> 169.91945
B15: Riobamba | C15: 260882 | D15: 530 | E15: 615 | F15: 564 | G15: 695 | H15: 618 | I15: =IFERROR((H15-G15)/G15,"n/d") -> -0.11079137 | J15: =IFERROR((H15-D15)/D15,"n/d") -> 0.16603774 | K15: =C15*(1+Resumen!$C$16)^(2026-2022) -> 276890.65 | L15: =H15/K15*100000 -> 223.19281
B16: TOTAL 10 ciudades | C16: =SUM(C6:C15) -> 8299644 | D16: =SUM(D6:D15) -> 23347 | E16: =SUM(E6:E15) -> 24680 | F16: =SUM(F6:F15) -> 23365 | G16: =SUM(G6:G15) -> 23930 | H16: =SUM(H6:H15) -> 17212 | I16: =IFERROR((H16-G16)/G16,"n/d") -> -0.28073548 | J16: =IFERROR((H16-D16)/D16,"n/d") -> -0.26277466 | K16: =SUM(K6:K15) -> 8808939.6 | L16: =H16/K16*100000 -> 195.39242

Sheet Extorsiones
B2: Extorsiones — enero-junio, 2022-2026
B3: Casos registrados de extorsión
B5: Ciudad | C5: Población base (Censo 2022) | D5: Primer semestre 2022 (casos) | E5: Primer semestre 2023 (casos) | F5: Primer semestre 2024 (casos) | G5: Primer semestre 2025 (casos) | H5: Primer semestre 2026 (casos) | I5: Var. % 2025→2026 | J5: Var. % 2022→2026 | K5: Población proyectada 2026 | L5: Tasa x100k hab. primer semestre 2026
B6: Guayaquil | C6: 2746403 | D6: 467 | E6: 1740 | F6: 3382 | G6: 2040 | H6: 1262 | I6: =IFERROR((H6-G6)/G6,"n/d") -> -0.38137255 | J6: =IFERROR((H6-D6)/D6,"n/d") -> 1.7023555 | K6: =C6*(1+Resumen!$C$16)^(2026-2022) -> 2914932 | L6: =H6/K6*100000 -> 43.29432
B7: Quito | C7: 2679722 | D7: 529 | E7: 978 | F7: 1443 | G7: 967 | H7: 638 | I7: =IFERROR((H7-G7)/G7,"n/d") -> -0.34022751 | J7: =IFERROR((H7-D7)/D7,"n/d") -> 0.20604915 | K7: =C7*(1+Resumen!$C$16)^(2026-2022) -> 2844159.3 | L7: =H7/K7*100000 -> 22.431937
B8: Cuenca | C8: 596101 | D8: 188 | E8: 252 | F8: 571 | G8: 177 | H8: 103 | I8: =IFERROR((H8-G8)/G8,"n/d") -> -0.4180791 | J8: =IFERROR((H8-D8)/D8,"n/d") -> -0.45212766 | K8: =C8*(1+Resumen!$C$16)^(2026-2022) -> 632679.87 | L8: =H8/K8*100000 -> 16.279955
B9: Santo Domingo | C9: 441583 | D9: 20 | E9: 169 | F9: 453 | G9: 144 | H9: 221 | I9: =IFERROR((H9-G9)/G9,"n/d") -> 0.53472222 | J9: =IFERROR((H9-D9)/D9,"n/d") -> 10.05 | K9: =C9*(1+Resumen!$C$16)^(2026-2022) -> 468680.1 | L9: =H9/K9*100000 -> 47.153698
B10: Ambato | C10: 370664 | D10: 25 | E10: 56 | F10: 49 | G10: 23 | H10: 29 | I10: =IFERROR((H10-G10)/G10,"n/d") -> 0.26086957 | J10: =IFERROR((H10-D10)/D10,"n/d") -> 0.16 | K10: =C10*(1+Resumen!$C$16)^(2026-2022) -> 393409.26 | L10: =H10/K10*100000 -> 7.3714584
B11: Portoviejo | C11: 322925 | D11: 71 | E11: 134 | F11: 329 | G11: 171 | H11: 78 | I11: =IFERROR((H11-G11)/G11,"n/d") -> -0.54385965 | J11: =IFERROR((H11-D11)/D11,"n/d") -> 0.098591549 | K11: =C11*(1+Resumen!$C$16)^(2026-2022) -> 342740.82 | L11: =H11/K11*100000 -> 22.757721
B12: Duran | C12: 303910 | D12: 35 | E12: 184 | F12: 415 | G12: 216 | H12: 109 | I12: =IFERROR((H12-G12)/G12,"n/d") -> -0.49537037 | J12: =IFERROR((H12-D12)/D12,"n/d") -> 2.1142857 | K12: =C12*(1+Resumen!$C$16)^(2026-2022) -> 322559 | L12: =H12/K12*100000 -> 33.792268
B13: Machala | C13: 306309 | D13: 146 | E13: 361 | F13: 608 | G13: 432 | H13: 416 | I13: =IFERROR((H13-G13)/G13,"n/d") -> -0.037037037 | J13: =IFERROR((H13-D13)/D13,"n/d") -> 1.8493151 | K13: =C13*(1+Resumen!$C$16)^(2026-2022) -> 325105.21 | L13: =H13/K13*100000 -> 127.95858
B14: Manta | C14: 271145 | D14: 46 | E14: 60 | F14: 150 | G14: 85 | H14: 78 | I14: =IFERROR((H14-G14)/G14,"n/d") -> -0.082352941 | J14: =IFERROR((H14-D14)/D14,"n/d") -> 0.69565217 | K14: =C14*(1+Resumen!$C$16)^(2026-2022) -> 287783.42 | L14: =H14/K14*100000 -> 27.103716
B15: Riobamba | C15: 260882 | D15: 59 | E15: 76 | F15: 84 | G15: 35 | H15: 43 | I15: =IFERROR((H15-G15)/G15,"n/d") -> 0.22857143 | J15: =IFERROR((H15-D15)/D15,"n/d") -> -0.27118644 | K15: =C15*(1+Resumen!$C$16)^(2026-2022) -> 276890.65 | L15: =H15/K15*100000 -> 15.529596
B16: TOTAL 10 ciudades | C16: =SUM(C6:C15) -> 8299644 | D16: =SUM(D6:D15) -> 1586 | E16: =SUM(E6:E15) -> 4010 | F16: =SUM(F6:F15) -> 7484 | G16: =SUM(G6:G15) -> 4290 | H16: =SUM(H6:H15) -> 2977 | I16: =IFERROR((H16-G16)/G16,"n/d") -> -0.30606061 | J16: =IFERROR((H16-D16)/D16,"n/d") -> 0.87704918 | K16: =SUM(K6:K15) -> 8808939.6 | L16: =H16/K16*100000 -> 33.795214
